Solyc05g006640.4	NP_176191	76.377	1198	277	5	8	1203	20	1213	0.0	1958
Solyc05g006640.4	NP_177038	47.396	1133	551	17	17	1117	34	1153	0.0	1025
Solyc05g006640.4	NP_001320717	47.396	1133	551	17	17	1117	34	1153	0.0	1025
Solyc05g006640.4	NP_189189	47.294	1127	558	17	20	1120	35	1151	0.0	1015
Solyc05g006640.4	NP_001322420	45.863	1136	579	14	24	1134	42	1166	0.0	1012
Solyc02g082450.3	NP_973479	61.330	406	144	3	1	404	1	395	0.0	523
Solyc02g082450.3	NP_849964	61.330	406	144	3	1	404	1	395	0.0	523
Solyc02g082450.3	NP_565417	61.330	406	144	3	1	404	1	395	0.0	523
Solyc02g082450.3	NP_001031363	61.330	406	144	3	1	404	1	395	0.0	523
Solyc02g082450.3	NP_201399	61.235	405	147	2	1	405	1	395	0.0	518
Solyc02g092450.3	NP_195479	82.220	1018	176	4	1	1017	1	1014	0.0	1713
Solyc02g092450.3	NP_179879	81.631	1018	183	3	1	1017	1	1015	0.0	1689
Solyc02g092450.3	NP_849716	77.022	1014	231	2	1	1013	1	1013	0.0	1597
Solyc02g092450.3	NP_001321522	77.022	1014	231	2	1	1013	1	1013	0.0	1597
Solyc02g092450.3	NP_001321521	77.575	932	208	1	82	1013	20	950	0.0	1476
Solyc05g006020.3	NP_176211	80.835	527	101	0	7	533	12	538	0.0	895
Solyc05g006020.3	NP_851251	80.113	533	105	1	1	533	1	532	0.0	890
Solyc05g006020.3	NP_201094	80.113	533	105	1	1	533	1	532	0.0	890
Solyc05g006020.3	NP_001032127	80.113	533	105	1	1	533	1	532	0.0	890
Solyc05g006020.3	NP_172524	72.862	538	140	4	1	532	1	538	0.0	820
Solyc07g063520.3	NP_193888	69.257	296	84	1	4	299	6	294	2.01e-152	428
Solyc07g063520.3	NP_001329391	62.883	326	84	2	4	299	6	324	5.81e-146	413
Solyc07g063520.3	NP_563884	66.308	279	94	0	5	283	7	285	7.79e-144	407
Solyc07g063520.3	NP_565152	30.464	302	178	8	2	280	30	322	7.64e-38	140
Solyc07g063520.3	NP_001320456	29.560	318	187	10	2	294	30	335	2.23e-36	134
Solyc11g062020.2	NP_566669	84.783	276	42	0	1	276	1	276	3.92e-172	476
Solyc11g062020.2	NP_001326769	84.783	276	42	0	1	276	1	276	3.92e-172	476
Solyc11g062020.2	NP_001326770	84.279	229	36	0	48	276	1	229	4.73e-142	399
Solyc11g062020.2	NP_187477	32.661	248	139	12	18	261	88	311	4.09e-13	69.3
Solyc11g062020.2	NP_974256	32.661	248	139	12	18	261	112	335	4.83e-13	69.3
Solyc01g006150.3	NP_191365	69.171	386	101	4	29	402	30	409	0.0	543
Solyc01g006150.3	NP_001319789	69.171	386	101	4	29	402	30	409	0.0	543
Solyc01g006150.3	NP_001320580	57.012	328	134	4	73	394	19	345	7.63e-123	360
Solyc01g006150.3	NP_001320579	57.012	328	134	4	73	394	19	345	7.63e-123	360
Solyc01g006150.3	NP_178070	57.012	328	134	4	73	394	72	398	7.40e-122	359
Solyc10g051120.3	NP_197509	70.455	88	26	0	6	93	7	94	9.64e-49	151
Solyc10g051120.3	NP_001330067	70.455	88	26	0	6	93	7	94	9.64e-49	151
Solyc10g051120.3	NP_001078606	70.455	88	26	0	6	93	7	94	9.64e-49	151
Solyc10g051120.3	NP_001119254	70.455	88	26	0	6	93	7	94	2.16e-48	149
Solyc10g051120.3	NP_567439	31.313	99	68	0	5	103	6	104	2.60e-15	66.2
Solyc01g106900.3	NP_188598	64.659	498	162	5	1	498	1	484	0.0	590
Solyc01g106900.3	NP_563988	45.585	487	191	16	18	497	21	440	2.53e-115	347
Solyc01g106900.3	NP_001185007	45.585	487	191	16	18	497	21	440	2.53e-115	347
Solyc01g106900.3	NP_001077545	45.585	487	191	16	18	497	21	440	2.53e-115	347
Solyc01g106900.3	NP_565247	44.902	461	191	12	38	497	43	441	9.55e-113	341
Solyc09g082890.2	NP_188931	62.264	371	134	4	12	382	17	381	1.99e-134	409
Solyc09g082890.2	NP_191897	57.534	365	144	5	26	382	24	385	1.12e-125	387
Solyc09g082890.2	NP_194719	54.667	300	136	0	83	382	115	414	1.24e-102	327
Solyc09g082890.2	NP_001327988	54.667	300	136	0	83	382	115	414	1.24e-102	327
Solyc09g082890.2	NP_851200	53.000	300	141	0	83	382	115	414	2.49e-99	318
Solyc09g075020.3	NP_182301	68.008	1516	455	12	16	1511	9	1514	0.0	2139
Solyc09g075020.3	NP_191829	66.667	1515	461	7	34	1511	30	1537	0.0	2111
Solyc09g075020.3	NP_171908	43.255	1401	752	11	144	1511	119	1509	0.0	1168
Solyc09g075020.3	NP_001184906	43.041	1401	750	12	144	1511	119	1504	0.0	1154
Solyc09g075020.3	NP_187915	44.808	1377	731	12	160	1511	138	1510	0.0	1130
Solyc05g009020.4	NP_564233	62.236	331	116	4	1	325	35	362	8.77e-146	416
Solyc05g009020.4	NP_001321077	62.236	331	116	4	1	325	35	362	8.77e-146	416
Solyc05g009020.4	NP_566102	64.211	285	97	2	1	285	31	310	5.16e-127	366
Solyc05g009020.4	NP_566102	34.928	209	124	8	73	277	2	202	8.75e-13	68.6
Solyc05g009020.4	NP_569032	35.069	288	167	5	1	277	24	302	8.80e-50	168
Solyc05g009020.4	NP_001328407	31.525	295	176	7	1	275	6	294	1.65e-33	125
Solyc09g065560.3	NP_001326166	75.349	645	157	2	16	658	59	703	0.0	1016
Solyc09g065560.3	NP_190758	75.311	644	156	3	16	656	14	657	0.0	1016
Solyc09g065560.3	NP_192179	68.519	648	200	3	13	658	1	646	0.0	900
Solyc09g065560.3	NP_173722	57.674	619	260	2	22	638	4	622	0.0	742
Solyc09g065560.3	NP_188220	56.844	621	267	1	15	634	20	640	0.0	735
Solyc01g105450.4	NP_173226	52.188	617	277	4	11	612	50	663	0.0	634
Solyc01g105450.4	NP_188746	47.267	622	306	7	11	613	25	643	0.0	603
Solyc01g105450.4	NP_175561	46.314	624	311	7	11	613	24	644	0.0	564
Solyc01g105450.4	NP_175557	43.662	639	322	8	4	610	3	635	0.0	541
Solyc01g105450.4	NP_850111	35.552	616	378	8	11	613	114	723	1.39e-132	406
Solyc05g051220.3	NP_186934	71.658	808	226	2	18	823	22	828	0.0	1218
Solyc05g051220.3	NP_198566	68.234	787	242	5	46	824	31	817	0.0	1133
Solyc05g051220.3	NP_001332118	66.378	809	242	6	46	824	31	839	0.0	1120
Solyc05g051220.3	NP_001325630	73.315	727	191	2	18	742	22	747	0.0	1118
Solyc05g051220.3	NP_001332117	68.082	777	219	5	77	824	9	785	0.0	1115
