names,logfoldchanges,pvals_adj,description,n_cell_types,cell_types,selected_as
Solyc05g006640.4,1.7726743,4.101606207681812e-15,Phospholipid-transporting ATPase (AHRD V3.3 *** A0A1U8EVI0_CAPAN),2,"['Epidermal', 'Mesophyll']",['mesophyll']
Solyc02g082450.3,2.1637824,3.9504066227738746e-08,Auxin efflux carrier (AHRD V3.3 *** A0A200PYL2_9MAGN),2,"['Epidermal', 'Mesophyll']",['mesophyll']
Solyc02g092450.3,3.2377226,0.017879196339190773,Calcium-transporting ATPase (AHRD V3.3 *** A0A2G2XH12_CAPBA),1,['Mesophyll'],['mesophyll']
Solyc05g006020.3,7.455045,0.04176398937787585,Nucleobase-ascorbate transporter 8 (AHRD V3.3 *** A0A1U8EN63_CAPAN),1,['Mesophyll'],['mesophyll']
Solyc07g063520.3,0.8726254,1.2467456980487375e-08,Organic solute transporter ostalpha protein (DUF300) (AHRD V3.3 *** O65422_ARATH),3,"['Guard cell', 'Unknown', 'Vascular']",['gaurd']
Solyc11g062020.2,1.7911415,9.387555963605777e-05,Zinc transporter ZTP29 (AHRD V3.3 *** A0A2G3B9X4_CAPCH),2,"['Epidermal', 'Vascular']",['vascular']
Solyc01g006150.3,0.75457156,0.005551575990818061,Cation efflux protein (AHRD V3.3 *** A0A200PY73_9MAGN),2,"['Epidermal', 'Vascular']",['epidermal']
Solyc10g051120.3,1.6214793,0.01737716411856635,Mitochondrial pyruvate carrier (AHRD V3.3 *** A0A2G2WMA1_CAPBA),2,"['Epidermal', 'Vascular']",['vascular']
Solyc01g106900.3,1.2897508,0.028969524135276713,Magnesium transporter MRS2-F (AHRD V3.3 *** A0A2G2V1P4_CAPBA),1,['Vascular'],['vascular']
Solyc09g082890.2,2.4565146,1.8388748442930567e-05,Calcium-transporting ATPase (AHRD V3.3 *-* A0A2G2Z807_CAPAN),2,"['Epidermal', 'Guard cell']",['gaurd']
Solyc09g075020.3,0.73570466,1.2524730784520494e-95,ABC transporter C family member 4 (AHRD V3.3 *** A0A2G2ZW52_CAPAN),1,['Epidermal'],['epidermal']
Solyc05g009020.4,2.2896976,2.125227857701756e-15,Mitochondrial carrier protein (AHRD V3.3 *** A0A200Q134_9MAGN),1,['Epidermal'],['epidermal']
Solyc09g065560.3,2.43189,1.2522526002551311e-05,Sulfate transporter (AHRD V3.3 *** Q70BL1_BRAOL),1,['Epidermal'],['epidermal']
Solyc01g105450.4,0.86478966,4.463785845462729e-05,ABC transporter G family member 11 (AHRD V3.3 *** A0A2G2VAJ3_CAPBA),1,['Epidermal'],['epidermal']
Solyc05g051220.3,2.2848938,0.0026387967234257396,Potassium channel GORK (AHRD V3.3 *** A0A1U8GYE0_CAPAN),1,['Epidermal'],['epidermal']
